/fr/me-joindre/ /contact/ 301
/me-joindre/ /contact/ 301
/blog/2006/12/installer-vmware-sur-ubuntu-server-avec-le-repositoire-de-canonical-2/ /blog/2006/12/installer-vmware-sur-ubuntu-server-avec-le-repositoire-de-canonical/ 301
/blog/2006/12/installer-vmware-sur-ubuntu-server-avec-le-repositoire-de-canonical-3/ /blog/2006/12/installer-vmware-sur-ubuntu-server-avec-le-repositoire-de-canonical/ 301
/blog/2006/12/installer-vmware-sur-ubuntu-server-avec-le-repositoire-de-canonical-4/ /blog/2006/12/installer-vmware-sur-ubuntu-server-avec-le-repositoire-de-canonical/ 301
/blog/2006/12/installer-vmware-sur-ubuntu-server-avec-le-repositoire-de-canonical-5/ /blog/2006/12/installer-vmware-sur-ubuntu-server-avec-le-repositoire-de-canonical/ 301
/blog/2009/11/realisation-du-site-et-de-limage-«branding»-de-beebox-2008/ /blog/2009/11/realisation-du-site-et-de-image-produit-de-beebox/ 301
/blog/2009/11/realisation-du-site-et-de-limage-%c2%abbranding%c2%bb-de-beebox-2008/ /blog/2009/11/realisation-du-site-et-de-image-produit-de-beebox/ 301
/blog/2010/01/le-defi-«project52»-un-billet-par-semaine-minimum/ /blog/2010/01/le-defi-project52-un-billet-par-semaine/ 301
/blog/2010/01/le-defi-%c2%abproject52%c2%bb-un-billet-par-semaine-minimum/ /blog/2010/01/le-defi-project52-un-billet-par-semaine/ 301
/blog/2010/01/le-manifeste-open-cloud-pour-standardiser-linformatique-«dans-les-nuages»/ /blog/2010/01/le-manifeste-open-cloud-pour-standardiser-info-nuagique/ 301
/blog/2010/01/le-manifeste-open-cloud-pour-standardiser-linformatique-%c2%abdans-les-nuages%c2%bb/ /blog/2010/01/le-manifeste-open-cloud-pour-standardiser-info-nuagique/ 301
/blog/2010/02/realisation-dune-application-dechange-de-cadeau-avec-red-lagence-le-«club-echangiste»-2009/ /blog/2010/02/realisation-dune-application-dechange-de-cadeau-avec-red-lagence/ 301
/blog/2010/02/realisation-dune-application-dechange-de-cadeau-avec-red-lagence-le-%c2%abclub-echangiste%c2%bb-2009/ /blog/2010/02/realisation-dune-application-dechange-de-cadeau-avec-red-lagence/ 301
/blog/2024/03/managing-email-aliases-with-protonmail-and-simplelogin-to-sort-automatically-into-inbox-folders-based-local-part/ /blog/2024/03/managing-email-aliases-with-protonmail-automatic-sorting/ 301
/home/ /blog/
/blog/2007/11/mon-espace-de-travail/le-desktop-de-renoir/ /error/ 301
/blog/2007/11/fait-dusabilite-no3-nous-nessayons-pas-de-comprendre-les-choses-nous-fouillons/dmmt_coverjpg/ /error/ 301
/renoirb/ /error/ 301
/blog/2009/08/le-fondateur-de-netscape-est-en-train-de-developper-un-navigateur-web-nouveau-genre/browser1_190/ /error/ 301
/500x_stocked-bar/ /error/ 301
/image-4/ /error/ 301
/blog/2007/11/mon-espace-de-travail/desktoprenoir/ /error/ 301
/blog/2009/08/gpush-notifications-pour-le-ipod-et-le-iphone/gpush_large/ /error/ 301
/blog/2009/08/geeknight-ce-soir/les_geeks_font_la_loi/ /error/ 301
/blog/2009/08/a-vendre-mon-ipod-touch-16go-avec-son-kit-pour-me-procurer-un-iphone/ipodtouch-hero-16gb/ /error/ 301
/blog/2009/08/nouvelle-technologie-de-la-realite-augumentee-les-habitants-des-pays-bas-seront-des-premiers/bttfii_docbrown_car/ /error/ 301
/blog/2009/08/processus-pour-regler-un-probleme-avec-un-ordinateur/tech_support_cheat_sheet/ /error/ 301
/blog/2009/08/processus-pour-regler-un-probleme-avec-un-ordinateur/tech_support_cheat_sheet-2/ /error/ 301
/imgp0522/ /error/ 301
/imgp0588/ /error/ 301
/100_2593/ /error/ 301
/dscf0255/ /error/ 301
/dscf0255-2/ /error/ 301
/blog/2009/09/devenir-zend-certified-engineer-avec-php5/store-zce-certification-training-product-page_1/ /error/ 301
/blog/2009/09/une-vm-linux-qui-sert-au-developpement-php-5-3-avec-eclipse-partie-i/virtualization/ /error/ 301
/imgp0418/ /error/ 301
/imgp0418-2/ /error/ 301
/blog/2009/09/une-vm-linux-qui-sert-au-developpement-php-5-3-avec-eclipse-partie-iii/phpinfo_php5_3/ /error/ 301
/blog/2009/09/je-prefere-le-pingouin-design-cool-de-tee-shirt/image-1/ /error/ 301
/img_0027/ /error/ 301
/eva_banner/ /error/ 301
/blog/2007/04/periode-de-tests/lvs_ha/ /error/ 301
/blog/2009/10/rendre-un-mot-de-passe-plus-difficile-a-briser/hm36drugs-are-bad-posters/ /error/ 301
/blog/2009/10/realisation-site-de-cable-axion/image-7/ /error/ 301
/blog/2009/10/realisation-site-de-cable-axion/image-8/ /error/ 301
/p_2048_1536_1969283d-017f-41c9-af92-82e77882d437-jpeg/ /error/ 301
/blog/2009/11/realisation-du-site-de-remises-real-lamontagne-2004/screenshot_remises2/ /error/ 301
/blog/2009/11/realisation-de-linterface-logiciel-beebox-2007/sequencereports_2/ /error/ 301
/blog/2009/11/realisation-de-linterface-logiciel-beebox-2007/module_1/ /error/ 301
/blog/2009/11/realisation-de-linterface-logiciel-beebox-2007/securite_4/ /error/ 301
/beeboxlogo_med/ /error/ 301
/blog/2009/11/google-lance-un-nouveau-protocole-pour-remplacer-http-hello-spdy/speedy_gonzales/ /error/ 301
/blog/2009/11/realisation-du-site-muse-des-beaux-arts-de-sherbrooke-2005/screenshot_mbas_edit/ /error/ 301
/blog/2009/11/realisation-du-site-muse-des-beaux-arts-de-sherbrooke-2005/screenshot_mbas_edit_locked/ /error/ 301
/blog/2009/11/realisation-du-site-muse-des-beaux-arts-de-sherbrooke-2005/screenshot_mbas_home/ /error/ 301
/blog/2009/11/realisation-du-site-muse-des-beaux-arts-de-sherbrooke-2005/screenshot_mbas_page/ /error/ 301
/blog/2009/11/realisation-du-site-muse-des-beaux-arts-de-sherbrooke-2005/screenshot_mbas_page_geranium/ /error/ 301
/blog/2009/11/realisation-du-site-muse-des-beaux-arts-de-sherbrooke-2005/screenshot_mbas_crop/ /error/ 301
/blog/2009/11/realisation-du-site-et-de-limage-%c2%abbranding%c2%bb-de-beebox-2008/beeboxwss_1680/ /error/ 301
/blog/2009/11/realisation-du-site-et-de-limage-%c2%abbranding%c2%bb-de-beebox-2008/beeboxbmd_1680/ /error/ 301
/blog/2009/11/realisation-du-site-et-de-limage-%c2%abbranding%c2%bb-de-beebox-2008/screenshot_beeboxca1/ /error/ 301
/blog/2009/11/realisation-du-site-et-de-limage-%c2%abbranding%c2%bb-de-beebox-2008/screenshot_beeboxca2/ /error/ 301
/blog/2009/11/realisation-du-site-et-de-limage-%c2%abbranding%c2%bb-de-beebox-2008/screenshot_beeboxca3/ /error/ 301
/blog/2009/11/realisation-du-site-et-de-limage-%c2%abbranding%c2%bb-de-beebox-2008/screenshot_beeboxca_small-2/ /error/ 301
/blog/2009/11/realisation-du-site-et-de-limage-%c2%abbranding%c2%bb-de-beebox-2008/screenshot_tscm_featuredetail/ /error/ 301
/blog/2009/11/realisation-du-site-et-de-limage-%c2%abbranding%c2%bb-de-beebox-2008/screenshot_tscm_features/ /error/ 301
/blog/2009/11/realisation-du-site-et-de-limage-%c2%abbranding%c2%bb-de-beebox-2008/tentative1/ /error/ 301
/blog/2009/11/realisation-du-site-et-de-limage-%c2%abbranding%c2%bb-de-beebox-2008/tentative6/ /error/ 301
/blog/2009/11/realisation-du-site-et-de-limage-%c2%abbranding%c2%bb-de-beebox-2008/beebox_logo/ /error/ 301
/blog/2009/11/realisation-du-site-et-de-limage-%c2%abbranding%c2%bb-de-beebox-2008/featurespage/ /error/ 301
/screenshot_saffaires_home/ /error/ 301
/blog/2009/12/realisation-du-site-solutions-affaires-experts-conseils-2004/screenshot_saffaires2-2/ /error/ 301
/blog/2009/12/realisation-du-site-solutions-affaires-experts-conseils-2004/screenshot_saffaires3/ /error/ 301
/blog/2009/12/realisation-du-site-solutions-affaires-experts-conseils-2004/screenshot_saffaires_2004_geraniumcms/ /error/ 301
/blog/2009/12/realisation-du-site-solutions-affaires-experts-conseils-2004/screenshot_saffaires_2004_noscroll/ /error/ 301
/blog/2009/12/realisation-du-site-solutions-affaires-experts-conseils-2004/screenshot_saffaires_2004_scroll/ /error/ 301
/blog/2009/12/realisation-du-site-solutions-affaires-experts-conseils-2004/screenshot_saffaires_2004_geranium_modifier/ /error/ 301
/blog/2009/12/realisation-jamais-publiee-du-site-de-savon-des-cantons-2005/scr_sacanton_1/ /error/ 301
/blog/2009/12/realisation-jamais-publiee-du-site-de-savon-des-cantons-2005/scr_sacanton_2/ /error/ 301
/blog/2009/12/realisation-jamais-publiee-du-site-de-savon-des-cantons-2005/scr_sacanton_3/ /error/ 301
/blog/2009/12/realisation-jamais-publiee-du-site-de-savon-des-cantons-2005/scr_sacanton_4/ /error/ 301
/blog/2009/12/realisation-jamais-publiee-du-site-de-savon-des-cantons-2005/scr_sacanton_6/ /error/ 301
/blog/2009/12/realisation-jamais-publiee-du-site-de-savon-des-cantons-2005/scr_sacanton_7/ /error/ 301
/blog/2009/12/realisation-jamais-publiee-du-site-de-savon-des-cantons-2005/scr_sacanton_8/ /error/ 301
/blog/2009/12/realisation-jamais-publiee-du-site-de-savon-des-cantons-2005/scr_sacanton_9/ /error/ 301
/blog/2009/12/realisation-jamais-publiee-du-site-de-savon-des-cantons-2005/scr_sacanton_10/ /error/ 301
/blog/2009/12/realisation-jamais-publiee-du-site-de-savon-des-cantons-2005/scr_sacanton_12/ /error/ 301
/blog/2009/12/realisation-jamais-publiee-du-site-de-savon-des-cantons-2005/scr_sacanton_13/ /error/ 301
/blog/2009/12/realisation-jamais-publiee-du-site-de-savon-des-cantons-2005/scr_sacanton_14/ /error/ 301
/blog/2009/12/realisation-jamais-publiee-du-site-de-savon-des-cantons-2005/scr_sacanton_15/ /error/ 301
/blog/2009/12/realisation-jamais-publiee-du-site-de-savon-des-cantons-2005/scr_sacanton_16/ /error/ 301
/blog/2009/12/realisation-jamais-publiee-du-site-de-savon-des-cantons-2005/scr_sacanton_17/ /error/ 301
/blog/2009/12/realisation-jamais-publiee-du-site-de-savon-des-cantons-2005/sacanton_logo/ /error/ 301
/env_home2_exemple/ /error/ 301
/env_nav_exemple-2/ /error/ 301
/scr_environement_2/ /error/ 301
/scr_environement_1/ /error/ 301
/p_683_512_aa19603d-55e3-41bb-90c0-51dded6cd9c5-jpeg/ /error/ 301
/p_2048_1536_97640991-646a-4faf-9f2d-897aeb3bd0bd-jpeg/ /error/ 301
/p_2048_1536_7b1a001d-2a9c-4ba5-b54c-7b2b9691c695-jpeg/ /error/ 301
/p_2048_1536_25c7a7bc-e838-4495-9b28-7914ca1085f6-jpeg/ /error/ 301
/500x_win7install1228/ /error/ 301
/blog/2010/01/installation-dun-paradis-du-geek-pour-trois-colocataires-partie-1/img_0325/ /error/ 301
/blog/2010/01/installation-dun-paradis-du-geek-pour-trois-colocataires-partie-1/img_0336/ /error/ 301
/blog/2010/01/installation-dun-paradis-du-geek-pour-trois-colocataires-partie-1/img_0340/ /error/ 301
/blog/2010/01/installation-dun-paradis-du-geek-pour-trois-colocataires-partie-1/img_0339/ /error/ 301
/blog/2010/01/installation-dun-paradis-du-geek-pour-trois-colocataires-partie-1/img_0341/ /error/ 301
/blog/2010/01/installation-dun-paradis-du-geek-pour-trois-colocataires-partie-1/img_0343/ /error/ 301
/blog/2010/01/installation-dun-paradis-du-geek-pour-trois-colocataires-partie-1/img_0380/ /error/ 301
/geek_cartoon/ /error/ 301
/blog/2010/01/le-defi-%c2%abproject52%c2%bb-un-billet-par-semaine-minimum/underwood5small/ /error/ 301
/blog/2010/01/le-defi-%c2%abproject52%c2%bb-un-billet-par-semaine-minimum/p52_100x126/ /error/ 301
/blog/2010/01/revue-de-fonctions-qui-sont-selon-moi-ideales-a-un-cms-entre-cms-made-simple-et-modx/cmsmslogo/ /error/ 301
/blog/2010/01/revue-de-fonctions-qui-sont-selon-moi-ideales-a-un-cms-entre-cms-made-simple-et-modx/modx_logo/ /error/ 301
/blog/2010/02/realisation-dune-application-dechange-de-cadeau-avec-red-lagence-le-%c2%abclub-echangiste%c2%bb-2009/scr_echange2009_accueil/ /error/ 301
/blog/2010/02/realisation-dune-application-dechange-de-cadeau-avec-red-lagence-le-%c2%abclub-echangiste%c2%bb-2009/scr_echange2009_confirm/ /error/ 301
/blog/2010/02/realisation-dune-application-dechange-de-cadeau-avec-red-lagence-le-%c2%abclub-echangiste%c2%bb-2009/scr_echange2009_ferme/ /error/ 301
/blog/2010/02/realisation-dune-application-dechange-de-cadeau-avec-red-lagence-le-%c2%abclub-echangiste%c2%bb-2009/scr_echange2009_gifts/ /error/ 301
/blog/2010/02/realisation-dune-application-dechange-de-cadeau-avec-red-lagence-le-%c2%abclub-echangiste%c2%bb-2009/echangistes_mini/ /error/ 301
/blog/2010/02/realisation-dune-application-dechange-de-cadeau-avec-red-lagence-le-%c2%abclub-echangiste%c2%bb-2009/carte_postale_1_front/ /error/ 301
/blog/2010/02/realisation-dune-application-dechange-de-cadeau-avec-red-lagence-le-%c2%abclub-echangiste%c2%bb-2009/carte_postale_1_back/ /error/ 301
/blog/2010/02/realisation-dune-application-dechange-de-cadeau-avec-red-lagence-le-%c2%abclub-echangiste%c2%bb-2009/carte_postale_2_back/ /error/ 301
/blog/2010/02/realisation-dune-application-dechange-de-cadeau-avec-red-lagence-le-%c2%abclub-echangiste%c2%bb-2009/carte_postale_2_front/ /error/ 301
/blog/2010/03/la-premiere-de-ignite-montreal/logo/ /error/ 301
/about/20031_296038811300_722511300_4066402_478396_n/ /error/ 301
/about/20031_296038811300_722511300_4066402_478396_n-2/ /error/ 301
/blog/2010/03/introduction-de-notre-nouveau-projet-evenement-intitule-devlab/ftw/ /error/ 301
/blog/2010/03/introduction-de-notre-nouveau-projet-evenement-intitule-devlab/mondev_logo/ /error/ 301
/blog/2010/03/etes-vous-victime-despionnage-via-votre-profil-dans-les-medias-sociaux/spy_vs_spy_counterserveilla/ /error/ 301
/blog/2010/03/etes-vous-victime-despionnage-via-votre-profil-dans-les-medias-sociaux/facebook_dialog_security_amis/ /error/ 301
/blog/2010/03/etes-vous-victime-despionnage-via-votre-profil-dans-les-medias-sociaux/facebook_dialog_security_compteparametres/ /error/ 301
/blog/2010/03/etes-vous-victime-despionnage-via-votre-profil-dans-les-medias-sociaux/facebook_dialog_security_exemplevide/ /error/ 301
/blog/2010/04/trois-geeks-cherchent-un-nouveau-loyer-sur-montreal/david-sones-snailhome/ /error/ 301
/blog/2010/04/comment-automatiser-une-tache-avec-cron-en-utilisant-vim/vim_logo/ /error/ 301
/blog/2010/04/la-semaine-des-logiciels-libres-a-montreal-mondev/mondev_logo-2/ /error/ 301
/mwnw_logo/ /error/ 301
/blog/2010/04/les-differentes-versions-du-service-de-taches-planifie-cron/clock-icon/ /error/ 301
/blog/2010/04/quelques-options-de-configuration-recurentes-pour-apache-mysql-et-php/apache_logo/ /error/ 301
/blog/2010/04/quelques-options-de-configuration-recurentes-pour-apache-mysql-et-php/devlab_logourl_coul_small/ /error/ 301
/blog/2010/04/realisation-du-micro-site-de-linitiative-environnementale-de-la-ville-de-sherbrooke-2006-2/env_nav_exemple1/ /error/ 301
/blog/2010/04/realisation-du-micro-site-de-linitiative-environnementale-de-la-ville-de-sherbrooke-2006-2/scr_environement_1-2/ /error/ 301
/blog/2010/04/realisation-du-micro-site-de-linitiative-environnementale-de-la-ville-de-sherbrooke-2006-2/env_home2_exemple-2/ /error/ 301
/blog/2010/04/realisation-du-micro-site-de-linitiative-environnementale-de-la-ville-de-sherbrooke-2006-2/env_nav_exemple1-2/ /error/ 301
/blog/2010/04/realisation-du-micro-site-de-linitiative-environnementale-de-la-ville-de-sherbrooke-2006-2/scr_environement_2-2/ /error/ 301
/blog/2010/06/retour-sur-la-semaine-des-logiciels-libres-mondev-et-de-la-conference-make-web-not-war-2010/codefest/ /error/ 301
/blog/2010/05/traduction-libre-de-larticle-why-the-is-microsoft-doing-all-this/mwnw-sponsor-banner1/ /error/ 301
/blog/2010/06/retour-sur-la-semaine-des-logiciels-libres-mondev-et-de-la-conference-make-web-not-war-2010/4640567658_766dffd752_b/ /error/ 301
/blog/2010/06/retour-sur-la-semaine-des-logiciels-libres-mondev-et-de-la-conference-make-web-not-war-2010/4644424467_447bc3a010_b/ /error/ 301
/blog/2010/06/retour-sur-la-semaine-des-logiciels-libres-mondev-et-de-la-conference-make-web-not-war-2010/4645057689_98b296e129_b/ /error/ 301
/blog/2010/06/retour-sur-la-semaine-des-logiciels-libres-mondev-et-de-la-conference-make-web-not-war-2010/4645069355_85e8cb9267_b/ /error/ 301
/blog/2010/06/retour-sur-la-semaine-des-logiciels-libres-mondev-et-de-la-conference-make-web-not-war-2010/4645645892_40da4954fc_b/ /error/ 301
/blog/2010/06/retour-sur-la-semaine-des-logiciels-libres-mondev-et-de-la-conference-make-web-not-war-2010/4645705062_c31305465e_b/ /error/ 301
/blog/2010/06/retour-sur-la-semaine-des-logiciels-libres-mondev-et-de-la-conference-make-web-not-war-2010/mwnw-sponsor-banner1-2/ /error/ 301
/about/renoirb-2/ /error/ 301
/about/devlab_logourl_coul_small-2/ /error/ 301
/blog/2010/07/bug-trouve-et-corrige-sur-un-theme-wordpress-rttheme/mathetmots_bug_markup/ /error/ 301
/blog/2010/07/bug-trouve-et-corrige-sur-un-theme-wordpress-rttheme/mathetmots_tabs/ /error/ 301
/blog/2009/07/une-petite-lecture-sur-les-attrapes-nigaud-sur-le-web/dvd-rewinder/ /error/ 301
/blog/2010/07/installer-une-machine-virtuelle-linux-roulant-dans-vmware-fusion-sous-mac-os-x/0_settings/ /error/ 301
/blog/2010/07/installer-une-machine-virtuelle-linux-roulant-dans-vmware-fusion-sous-mac-os-x/1_sharing/ /error/ 301
/blog/2010/07/installer-une-machine-virtuelle-linux-roulant-dans-vmware-fusion-sous-mac-os-x/3_resultat/ /error/ 301
/screenshot_alifera1/ /error/ 301
/screenshot_alifera2/ /error/ 301
/screenshot_interieur/ /error/ 301
/blog/2010/09/realisation-de-lintegration-du-site-de-jean-emond-2008/screenshot_jemond1/ /error/ 301
/blog/2010/09/realisation-de-lintegration-du-site-de-jean-emond-2008/screenshot_jemond2/ /error/ 301
/blog/2010/09/realisation-de-lintegration-du-site-de-jean-emond-2008/screenshot_jemond3/ /error/ 301
/blog/2010/09/realisation-de-lintegration-du-site-de-jean-emond-2008/extrait-pdf-original/ /error/ 301
/blog/2010/09/realisation-site-manoir-saint-francis-faits-avec-geraniumcms-2007/screenshot_manoirstfrancis1_cms/ /error/ 301
/blog/2010/09/realisation-site-manoir-saint-francis-faits-avec-geraniumcms-2007/screenshot_manoirstfrancis1/ /error/ 301
/blog/2010/09/realisation-site-manoir-saint-francis-faits-avec-geraniumcms-2007/screenshot_manoirstfrancis2/ /error/ 301
/blog/2010/09/realisation-site-manoir-saint-francis-faits-avec-geraniumcms-2007/screenshot_manoirstfrancis3/ /error/ 301
/blog/2010/09/lancement-de-lannee-2011-pour-la-conference-confoo/logo_confoo_150_39/ /error/ 301
/blog/2010/09/lappel-aux-conferenciers-pour-confoo-2011-est-lance/4463325427_251399c227/ /error/ 301
/evocatio_d_small/ /error/ 301
/blog/2010/12/comment-configurer-son-clavier-keymap-sous-ubuntu-linux-en-mode-terminal-seulement/configure-console-data/ /error/ 301
/blog/2010/12/comment-configurer-son-clavier-keymap-sous-ubuntu-linux-en-mode-terminal-seulement/configure_console-data_keyboard_variant_french/ /error/ 301
/blog/2010/12/comment-configurer-son-clavier-keymap-sous-ubuntu-linux-en-mode-terminal-seulement/configure_console-data_specify_layout_family/ /error/ 301
/blog/2010/12/comment-configurer-son-clavier-keymap-sous-ubuntu-linux-en-mode-terminal-seulement/configuring_console-data_keyboard_layout_canadian/ /error/ 301
/blog/2011/01/confoo-web-techno-conferencee-2011-devoilement-de-la-grille-horraire-des-presentations/img_6414/ /error/ 301
/blog/2011/02/devlab-montreal-cest-maintenant-parti/geek_by_recycledwax_on_deviantart/ /error/ 301
/about/renoirb-3/ /error/ 301
/blog/2011/02/confoo-cest-dans-moins-de-14-jours/4717676858_352a50afe9/ /error/ 301
/blog/2012/04/feuille-de-style-pour-imprimante-pour-les-pages-de-documentation-de-doctrine2-et-symfony2/screenshot-at-2012-04-07-200750-d/ /error/ 301
/blog/2012/05/snippet-confirm-form-before-submitting-using-twitter-bootstrap-in-a-modal-window/confirm-modal/ /error/ 301
/renoir-boulanger-resume-4/ /error/ 301
/blog/2012/07/choosing-a-framework-how-i-personally-define-what-is-hot-about-them-an-evaluation-process/6a0120a85dcdae970b017615ed14c4970c-800wi/ /error/ 301
/renoir-boulanger-resume/ /error/ 301
/blog/2013/02/conference-comment-evaluer-la-qualite-dun-site-web-selon-les-techniques-dintegration-web-dactualite/69609_511482285570250_1720715398_n/ /error/ 301
/blog/2013/02/conference-comment-evaluer-la-qualite-dun-site-web-selon-les-techniques-dintegration-web-dactualite/75912_502109209810549_copy/ /error/ 301
/blog/2013/02/conference-comment-evaluer-la-qualite-dun-site-web-selon-les-techniques-dintegration-web-dactualite/renoir-boulanger-prensentant-web-in-2013/ /error/ 301
/blog/2013/02/conference-comment-evaluer-la-qualite-dun-site-web-selon-les-techniques-dintegration-web-dactualite/presentation-renoir-web-a-quebec-qualite-integration-web/ /error/ 301
/blog/2013/04/who-else-is-using-that-feature-flipping-thing-on-their-web-applications/complex-branching-strategy-can-be-harmful/ /error/ 301
/blog/2013/04/enfin-jai-refait-mon-site/screen-shot-2013-04-09-at-9-04-51-pm/ /error/ 301
/blog/2013/05/procedure-environnement-developement-local-facile-a-entretenir-avec-apache/apache-et-virtual-document-root-logo/ /error/ 301
/renoir-interviewing-during-confoo-2011/ /error/ 301
/projets/les-arnaques-sur-internet/smurfie77_8095035773_e677e454d9_m/ /error/ 301
/blog/2008/12/sensibilisation-sur-les-courriels-non-sollicites/firefox-no-extensions/ /error/ 301
/blog/2008/12/sensibilisation-sur-les-courriels-non-sollicites/firefox-with-extensions/ /error/ 301
/blog/2008/12/sensibilisation-sur-les-courriels-non-sollicites/opera/ /error/ 301
/blog/2008/12/sensibilisation-sur-les-courriels-non-sollicites/internet-explorer/ /error/ 301
/blog/2008/12/quelques-indices-pour-savoir-si-un-message-courriel-est-une-chaine-de-lettre/bbc-co-uk-feb-2001-screenshot/ /error/ 301
/webplatform_padding_xlg/ /error/ 301
/wplogo_transparent_lg/ /error/ 301
/blog/2013/08/i-am-joining-w3c-to-work-on-the-webplatform-project/logo-w3c-screen-lg/ /error/ 301
/blog/2013/07/i-just-resigned-from-my-new-job-to-start-on-an-exciting-project/new-horizons-bird/ /error/ 301
/blog/2013/10/project-idea-creating-a-home-made-openstack-cluster-for-development-purposes/computercloud/ /error/ 301
/blog/2014/01/processus-de-creation-dune-vm-faisant-partie-dun-parc-gere-par-salt-stack/salt-spill/ /error/ 301
/blog/2014/01/processus-de-creation-dune-vm-faisant-partie-dun-parc-gere-par-salt-stack/salt/ /error/ 301
/blog/2014/05/choses-que-jaurai-souhaite-apprendre-plus-tot/things-i-wish-i-knew-sooner-than-later/ /error/ 301
/blog/2014/07/article-impacts-of-heartbleed/heartbleed/ /error/ 301
/blog/2014/07/article-impacts-of-heartbleed/exploits_of_a_mom/ /error/ 301
/blog/2014/07/notes-experience-asus-dvd-sdrw-08d2s-u/full-text-ikea-instructions/ /error/ 301
/blog/2014/07/notes-experience-asus-dvd-sdrw-08d2s-u/sdrw-08d2s-u/ /error/ 301
/blog/2014/08/thoughts-learn-code-movement-managers-might-missing/morse-code-straight-key-j38-badwsky-532871465/ /error/ 301
/blog/2015/01/quelques-bouts-de-code-pour-automatiser-le-deploiement/automate-all-the-things/ /error/ 301
/blog/2015/02/install-php5-memcached-pecl-extension-support-igbinary/sessions_memcached_before2/ /error/ 301
/blog/2015/02/install-php5-memcached-pecl-extension-support-igbinary/sessions_memcached_after/ /error/ 301
/blog/2015/02/install-php5-memcached-pecl-extension-support-igbinary/sessions_memcached_before/ /error/ 301
/blog/2015/03/creating-new-ubuntu-salt-master-terminal-using-cloud-init/openstack-cloudinit-launchinstance-dialog/ /error/ 301
/blog/2015/03/creating-new-ubuntu-salt-master-terminal-using-cloud-init/oauth_logo/ /error/ 301
/blog/2015/04/setting-discourse-fastly-cdn-provider-ssl/discuss-fastly-origins/ /error/ 301
/blog/2015/04/setting-discourse-fastly-cdn-provider-ssl/monitor-dashboard-2/ /error/ 301
/blog/2015/04/setting-discourse-fastly-cdn-provider-ssl/discuss-fastly-xff/ /error/ 301
/blog/2015/05/make-discourse-long-polling-work-behind-fastly/discourse-polling/ /error/ 301
/blog/2015/05/make-discourse-long-polling-work-behind-fastly/discourse-polling-ui/ /error/ 301
/blog/2015/05/run-nodejs-process-forever-within-docker-container/publican-init/ /error/ 301
/blog/2015/05/run-nodejs-process-forever-within-docker-container/publican-run-hook/ /error/ 301
/blog/2015/05/converting-dynamic-site-static-copy/webat25-org-screen-capture/ /error/ 301
/blog/2015/05/converting-dynamic-site-static-copy/webat25-org-screen-capture2/ /error/ 301
/20150727-gift-w3c/ /error/ 301
/blog/2015/07/leaving-w3c/team-photo/ /error/ 301
/renoir-boulanger/ /error/ 301
/blog/2017/02/things-i-ve-worked-on-while-maintaining-webplatform-org/webplatform-status/ /error/ 301
/blog/2017/02/things-i-ve-worked-on-while-maintaining-webplatform-org/webplatform-health-checks/ /error/ 301
/blog/2015/08/thoughts-improving-load-resiliency-cms-driven-websites/2015-08-12-what-makes-a-page-unique/ /error/ 301


